Title,Published_Date,Views,Likes,Comments,Engagement_Rate
What's new in Google AI,2026-05-23 00:45:21+00:00,6741,141,11,2.254858329624685
"Google I/O 2026 Recap with Logan Kilpatrick, Josh Woodward and Tulsee Doshi",2026-05-22 23:00:46+00:00,1015,33,4,3.645320197044335
The future of software development,2026-05-22 22:45:30+00:00,6469,163,13,2.72066780027825
Bring the power of on-device AI to life with Google AI Edge and Gemma,2026-05-22 19:00:42+00:00,3939,121,5,3.198781416603199
What's new in the Gemma open model family,2026-05-22 17:59:28+00:00,13588,353,29,2.8113040918457464
Consider this your sign to discover what's new from #GoogleIO 📲✨,2026-05-22 16:00:12+00:00,4738,72,3,1.5829463908822288
Directing the future: craft and creativity in the age of AI,2026-05-21 23:56:45+00:00,1141,32,1,2.892199824715162
Physical AI: the new era of robotics,2026-05-21 23:56:16+00:00,3315,115,5,3.619909502262444
A new era of discovery: AI and the frontiers of science with Demis Hassabis,2026-05-21 23:55:48+00:00,24608,716,48,3.1046814044213265
Building the quantum-AI future with Hartmut Neven and James Manyika,2026-05-21 23:54:06+00:00,5434,155,8,2.9996319470003683
Defining the agentic AI era,2026-05-21 23:53:34+00:00,4351,102,9,2.551137669501264
Build agents with Gemini API,2026-05-21 23:52:17+00:00,2035,60,1,2.9975429975429972
Scale AI with Google's TPU software stack,2026-05-21 23:51:01+00:00,451,21,0,4.656319290465632
Build next-gen AI experiences with Google AI Studio and Google Antigravity,2026-05-21 22:41:09+00:00,7615,206,16,2.9152987524622453
Beyond the keynote with Sundar Pichai,2026-05-21 17:51:02+00:00,4157,107,6,2.7183064710127494
Power the future of robotics with Gemini,2026-05-21 17:15:46+00:00,7278,262,14,3.7922506183017313
Create advanced data driven Gemini API apps,2026-05-21 17:15:42+00:00,1387,40,3,3.1002162941600577
Building agents with real-world reasoning,2026-05-21 17:15:38+00:00,943,34,1,3.711558854718982
Grow your smart home business with Gemini for Home,2026-05-21 17:15:33+00:00,2427,47,6,2.183765966213432
Match what your AI does with what users want to do,2026-05-21 17:15:30+00:00,556,17,0,3.0575539568345325
A fireside chat on the evolution of the developer craft,2026-05-21 17:15:25+00:00,6370,193,9,3.1711145996860286
Build core skills to thrive as an AI-era developer,2026-05-21 17:15:17+00:00,27989,794,33,2.954732216227804
Software engineering at the tipping point,2026-05-21 17:15:12+00:00,178957,6145,213,3.552808775292389
Google I/O 2026 Developer Keynote 5-Minute recap,2026-05-19 23:56:04+00:00,66306,1286,55,2.022441408017374
Google I/O 2026 Developer Keynote Recap,2026-05-19 23:06:41+00:00,3869839,3888,12,0.10077938642925455
Developer Keynote (Google I/O '26),2026-05-19 21:35:37+00:00,217957,3998,96,1.8783521520299877
Developer Keynote (Google I/O '26) - American Sign Language,2026-05-19 21:35:05+00:00,8359,241,2,2.907046297403996
3 new Chrome features announced at Google I/O 2026,2026-05-19 21:29:54+00:00,2918231,3330,13,0.11455570172477778
"What’s new in Gemini API, Google AI Studio and Google Antigravity (Google I/O 2026 recap)",2026-05-19 21:29:47+00:00,3714506,4492,19,0.12144279750793241
What’s new in Android (Google I/O 2026 recap),2026-05-19 21:29:43+00:00,3551610,5608,8,0.1581254698573323
Introducing Gemini Omni,2026-05-19 18:17:49+00:00,15944,396,26,2.6467636728549926
3 tips for stopping flaky tests,2026-05-13 16:00:27+00:00,2891,73,2,2.5942580421999306
How to create a full-stack app with Google AI Studio,2026-05-12 16:01:06+00:00,8279,218,10,2.75395579176229
Accidental earbud swap or a sign to join #GoogleIO virtually? 💻,2026-05-11 23:00:01+00:00,9868,89,3,0.9323064450749898
What happens when passing a triangle to the shape union area function?,2026-05-11 13:00:27+00:00,5204,89,8,1.8639508070714836
Inside YC x Google DeepMind Startups Day,2026-05-08 16:00:01+00:00,5081,44,4,0.9446959259988192
Current sleep cycle: 10% rest and 90% #GoogleIO planning. 😴,2026-05-07 19:22:39+00:00,9070,99,7,1.1686879823594267
Why is there a Matryoshka in my code? 🪆,2026-05-06 16:11:24+00:00,3138,62,3,2.07138304652645
POV: Solving the #GoogleIO puzzle is a full time job,2026-05-05 23:00:37+00:00,13813,89,3,0.66603923839861
Add databases to your app with AI Studio | Vibe Coding Guide,2026-05-05 21:13:27+00:00,3047,114,11,4.102395799146702
Does this TypeScript compile under strict mode?,2026-05-04 13:01:37+00:00,3993,77,10,2.1788129226145756
What you can do with Gemini Embedding 2,2026-05-01 19:00:59+00:00,14339,752,7,5.293256154543553
Trying to log off on Friday before you get another assignment,2026-05-01 16:01:13+00:00,29285,225,19,0.8331910534403278
Unlocking Low-Level Control: Customizing Keras Training Loops with JAX,2026-04-30 23:00:02+00:00,2146,72,2,3.4482758620689653
Building with Gemini Embedding 2: Our first natively multimodal embedding model,2026-04-30 19:00:38+00:00,13071,390,28,3.197919057455436
"Announcing Gemma 4, Google I/O ‘26 Updates, and more! - Google Developer News April 2026",2026-04-30 16:01:06+00:00,10578,226,28,2.401210058612214
Building Voice Agents with Gemini Live API and Agora’s Conversational AI,2026-04-29 19:00:02+00:00,7103,193,11,2.8720259045473746
Introducing Keras Recommenders: state-of-the-art recommendation techniques at your fingertips,2026-04-28 23:00:42+00:00,6106,196,8,3.3409760890926954
5 tips on keeping your code clean with Gemini,2026-04-28 19:00:08+00:00,5347,146,5,2.82401346549467
Find the commit in the fewest commands!,2026-04-27 13:01:07+00:00,16306,286,18,1.8643444130994729
